Id,Label
Lin,Lin
Navani,Navani
Shallan,Shallan
Skar,Skar
Evi,Evi
Kabsal,Kabsal
Ishar,Ishar
Jezrien,Jezrien
Kalak,Kalak
Talenel,Talenel
Dalinar,Dalinar
Elhokar,Elhokar
Gavilar,Gavilar
Jasnah,Jasnah
Shalash,Shalash
Stormfather,Stormfather
Szeth,Szeth
Sadeas,Sadeas
Cenn,Cenn
Cyn,Cyn
Dallet,Dallet
Gare,Gare
Hallaw,Hallaw
Kaladin,Kaladin
Korater,Korater
Kusiri,Kusiri
Bluth,Bluth
Taran,Taran
Tien,Tien
Tukks,Tukks
Tvlakv,Tvlakv
Ashlv,Ashlv
Tozbek,Tozbek
Valam,Valam
Yalb,Yalb
Katarotam,Katarotam
Tag,Tag
Roshone,Roshone
Fabrisan,Fabrisan
Gabrathin,Gabrathin
Gevelmar,Gevelmar
Lhan,Lhan
Manaline,Manaline
Nashan,Nashan
Niali,Niali
Nohadon,Nohadon
Placini,Placini
Shauka-daughter-Hasweth,Shauka-daughter-Hasweth
Syasikk,Syasikk
Taravangian,Taravangian
Tormas,Tormas
Yustara,Yustara
Gaz,Gaz
Hashal,Hashal
Lamaril,Lamaril
Laral,Laral
Lift,Lift
Syl,Syl
Balat,Balat
Lhanin,Lhanin
Luesh,Luesh
Vedel,Vedel
Artmyrn,Artmyrn
Barmest,Barmest
Helaran,Helaran
Rencalt,Rencalt
Tomor,Tomor
Laresh,Laresh
Hammie,Hammie
Hesina,Hesina
Lirin,Lirin
Sani,Sani
Vathe,Vathe
Wistiow,Wistiow
Teft,Teft
Ishikk,Ishikk
Maib,Maib
Thaspic,Thaspic
Jushu,Jushu
Scrak,Scrak
Wikim,Wikim
Amark,Amark
Avado,Avado
Nightwatcher,Nightwatcher
Took,Took
Maps,Maps
Adolin,Adolin
Bashin,Bashin
Deeli,Deeli
Gallant,Gallant
Lomard,Lomard
Lustow,Lustow
Renarin,Renarin
Rilla,Rilla
Tarilar,Tarilar
Vartian,Vartian
Sureblood,Sureblood
Dunny,Dunny
Leyten,Leyten
Moash,Moash
Narm,Narm
Sigzil,Sigzil
Bethab,Bethab
Resi,Resi
Roion,Roion
Talata,Talata
Jest,Jest
Jost,Jost
Khav,Khav
Mord,Mord
Naget,Naget
Ral,Ral
Tarn,Tarn
Tift,Tift
Adis,Adis
Corl,Corl
Dabbid,Dabbid
Drehy,Drehy
Gadol,Gadol
Hobber,Hobber
Koorm,Koorm
Malop,Malop
Murk,Murk
Peet,Peet
Yake,Yake
Aladar,Aladar
Avaran,Avaran
Elthebar,Elthebar
Falksi,Falksi
Hatham,Hatham
Kadash,Kadash
Rayse,Rayse
Ruthar,Ruthar
Thanadal,Thanadal
Tibon,Tibon
Yis,Yis
Battar,Battar
Harkaylain,Harkaylain
Heb,Heb
Seeli,Seeli
Taffa,Taffa
Alim,Alim
Harl,Harl
Miasal,Miasal
Valama,Valama
Bussik,Bussik
Hav,Hav
Koolf,Koolf
Cadilar,Cadilar
Habatab,Habatab
Marakal,Marakal
Meirav,Meirav
Neteb,Neteb
Taselin,Taselin
Tumul,Tumul
Yonatan,Yonatan
Jaks,Jaks
Natam,Natam
Seveks,Seveks
Jarel,Jarel
Miliv,Miliv
Relina,Relina
Terith,Terith
Ashelem,Ashelem
Havarah,Havarah
Ilamar,Ilamar
Kalami,Kalami
Litima,Litima
Moratel,Moratel
Perethom,Perethom
Teleb,Teleb
Torfin,Torfin
Morakotha,Morakotha
Design,Design
Havrom,Havrom
Kalana,Kalana
Ladent,Ladent
Lalai,Lalai
Niter,Niter
Tadet,Tadet
Kylrm,Kylrm
Thresh-son-Esan,Thresh-son-Esan
Vstim,Vstim
Axies,Axies
Cusicesh,Cusicesh
Gavashaw,Gavashaw
Makkek,Makkek
Coldwin,Coldwin
Gavarah,Gavarah
Gregorh,Gregorh
Hanavanar,Hanavanar
Hasavah,Hasavah
Masly,Masly
Mederia,Mederia
Varas,Varas
Bisig,Bisig
Ixsix,Ixsix
Balsas,Balsas
Bru,Bru
Luten,Luten
Lopen,Lopen
Varala,Varala
Guvlow,Guvlow
Habsant,Habsant
Myalmr,Myalmr
Spark,Spark
Talatin,Talatin
Sinbian,Sinbian
Barm,Barm
Cabine,Cabine
Natir,Natir
Rillir,Rillir
Goshel,Goshel
Alezarv,Alezarv
Calinam,Calinam
Ambrian,Ambrian
Idolir,Idolir
Treff,Treff
Alds,Alds
Milp,Milp
Cormshen,Cormshen
Innia,Innia
Ixil,Ixil
Durk,Durk
Abry,Abry
Agil,Agil
Alaxia,Alaxia
Arafik,Arafik
Callins,Callins
Caull,Caull
Habrin,Habrin
Jorna,Jorna
Loats,Loats
Marf,Marf
Taleb,Taleb
Waber,Waber
Klade,Klade
Matain,Matain
Tifandor,Tifandor
Traxil,Traxil
Delp,Delp
Terxim,Terxim
Tivbet,Tivbet
Acis,Acis
Alabet,Alabet
Coreb,Coreb
Galan,Galan
Hab,Hab
Hamel,Hamel
Korabet,Korabet
Lyndel,Lyndel
Nalem,Nalem
Navar,Navar
Norby,Norby
Raksha,Raksha
Reesh,Reesh
Toorim,Toorim
Ven,Ven
Mungam,Mungam
Allahn,Allahn
Extes,Extes
Varth,Varth
Lanacin,Lanacin
Ashno,Ashno
Av,Av
Baxil,Baxil
Ashir,Ashir
Geranid,Geranid
Gom,Gom
Leef,Leef
Sixteen,Sixteen
Au-nak,Au-nak
Fin,Fin
Ialai,Ialai
Alazansi,Alazansi
Nalma,Nalma
Arik,Arik
Derethil,Derethil
Nafti,Nafti
Eshava,Eshava
Inkima,Inkima
Istow,Istow
Jakamav,Jakamav
Toral,Toral
Alakavish,Alakavish
Corvana,Corvana
Karm,Karm
Longshadow,Longshadow
Tarah,Tarah
Dalar,Dalar
Mesh,Mesh
Sheler,Sheler
Tashlin,Tashlin
Havar,Havar
Malan,Malan
Makal,Makal
